audio_source_id,genre
1281,5
4026,1
1479,0
1687,0
533,6
2947,1
2927,6
2733,5
6032,3
2698,0
179,6
9621,0
2239,0
10188,7
8383,3
5653,6
4275,0
4204,6
5125,0
9388,7
1816,1
8477,2
4032,1
10858,6
244,5
1654,0
4366,3
9668,0
2903,3
8481,1
1475,0
4108,0
4024,6
2256,2
4216,6
10841,2
2917,5
3074,2
9713,0
9274,6
7438,7
4568,0
9862,2
9660,0
7715,4
1897,0
10706,3
6557,4
3100,6
7633,5
4606,0
3068,0
4133,1
1013,7
6767,3
5842,1
4436,0
602,1
707,0
6158,5
5313,5
3362,5
10255,0
8634,5
4397,0
7006,6
3114,5
8874,3
2423,2
4099,1
7258,2
2458,5
7379,1
5438,5
4489,3
7851,5
1129,4
3493,6
3487,0
8403,2
8064,0
582,5
9515,5
1403,5
3513,2
504,1
11350,5
4066,1
171,0
9819,0
4163,1
3968,5
5167,5
7335,7
1956,4
3436,4
2882,0
8850,6
9716,2
11010,7
827,2
5306,0
11351,1
1021,6
3825,5
10208,0
2857,3
9576,0
7381,1
3823,6
1824,4
7158,2
52,5
3977,6
11229,0
1122,0
6306,1
6636,7
9093,1
1803,4
3637,1
1333,6
8112,4
6001,5
7480,7
2154,5
3694,5
10486,5
9320,0
10050,5
2444,2
8700,2
8319,3
2871,3
4451,0
3051,1
10932,2
4312,0
10361,2
10086,5
7757,6
5238,0
9931,3
2213,5
10567,2
10373,0
5295,6
3143,6
5652,6
9399,2
2203,2
2491,7
3204,7
4511,2
860,5
8021,4
10091,1
2323,2
2500,4
4423,6
7227,4
10256,0
10070,2
1357,2
6715,2
7949,5
5644,2
1534,1
2740,0
1204,6
712,2
7031,1
7016,0
5342,6
2750,5
7940,3
843,5
2893,1
1909,1
3276,1
4512,6
2140,2
8583,3
9697,2
7775,7
2071,2
2038,5
10991,2
10950,2
9617,2
10317,6
6226,1
6615,0
3471,6
11340,3
4705,0
271,0
3650,6
9462,5
3073,2
5818,5
142,0
8969,4
2805,5
1503,0
3911,1
9098,4
8532,5
9615,2
8631,3
9433,0
99,5
11032,2
3869,5
8540,3
233,6
9667,1
1108,2
1103,1
887,0
3814,6
11024,0
1425,6
2966,0
10008,2
7707,4
6242,0
10015,2
4561,1
5671,7
2023,4
380,6
8584,3
3460,6
9269,1
2896,0
4627,5
7065,5
6829,0
4424,7
1660,2
7128,6
4057,1
2624,5
5412,7
9939,0
9330,2
3376,4
6478,3
390,7
1787,5
18,0
6957,4
11105,5
2232,4
3284,2
8381,3
2534,1
8283,3
10482,5
2201,1
11164,4
421,0
95,5
7343,7
9693,2
3226,7
8213,2
8399,3
4775,0
7186,7
2220,5
5577,7
9303,6
10586,7
10784,3
1296,0
11230,5
31,5
3498,6
1347,0
3367,6
9653,2
4325,6
6882,3
3419,1
5915,5
1139,2
6637,7
889,0
7499,7
892,0
6408,1
2529,5
9542,0
3505,1
9580,6
901,1
4722,3
7444,3
10960,1
2178,2
1388,1
8687,0
2866,4
7260,7
4246,7
1087,0
6024,5
1568,6
722,7
288,0
612,1
10038,1
2152,0
8368,3
6779,0
3947,0
9789,0
3811,6
352,6
6840,6
10494,2
3669,5
893,1
4682,0
7346,6
327,0
1949,0
1420,7
6328,6
7242,3
7621,3
1882,2
11346,7
8360,3
1592,6
10041,4
10718,5
5399,1
2435,2
3925,6
5793,0
9555,1
5989,2
9871,2
3792,5
9546,0
6114,3
2732,0
503,6
1024,0
1979,0
351,5
10044,1
11115,2
482,2
1010,6
1709,0
9318,6
1009,5
11213,0
1579,2
3954,1
4290,0
2422,1
3844,1
8227,6
9338,0
2077,6
2906,7
3391,0
11221,2
3913,2
7279,6
6660,6
7372,5
1823,0
7735,7
4165,5
3748,5
9352,2
9030,4
7684,1
9932,0
3621,2
3106,6
1091,2
6272,4
1806,5
9774,5
1767,2
3352,7
11094,5
8022,3
10749,2
1582,4
6665,3
10817,2
7746,3
9764,5
4094,7
1143,1
5504,2
8905,0
7290,5
4842,1
1817,0
8237,1
6521,1
2497,5
9080,4
3599,4
1603,5
5480,0
2470,6
837,7
6925,7
6696,3
10446,1
8249,7
1863,5
4121,2
11041,0
3358,6
1482,5
5866,0
4750,0
8464,5
9616,5
8414,2
2864,6
5437,6
10731,2
7426,2
8151,1
10224,1
11035,2
3449,7
7679,1
11335,2
3706,7
8789,4
2409,1
5301,4
1127,6
5255,0
3468,1
8271,6
11124,2
2199,2
1723,6
6481,5
9502,1
7975,3
9892,2
10902,1
10673,5
11284,7
2514,5
2898,6
4767,3
3656,5
447,5
177,5
5917,6
1434,5
1683,0
4128,0
8946,5
4902,0
365,5
4151,3
10138,6
10796,2
3653,2
6572,7
10534,2
1934,6
7172,0
10743,5
7653,5
5389,1
1276,6
9654,2
1246,1
6915,1
3843,6
9427,3
9472,2
1307,5
2795,2
3191,3
9971,7
9872,0
6734,5
5976,1
6810,1
2860,3
9126,0
6853,0
8563,1
3065,1
10697,0
7074,1
10030,2
1735,1
7928,4
9191,3
6548,5
10250,0
7848,0
1743,6
7421,5
2957,2
9696,6
6556,5
10984,5
7878,5
10601,1
1411,5
7075,1
116,1
4175,3
8456,5
10761,5
11218,1
3483,6
3674,0
3389,1
10273,0
5670,3
6948,0
4075,3
8274,7
10415,1
2603,2
10102,5
6491,5
5012,4
9035,0
301,5
2528,7
264,1
10305,0
11128,2
3763,5
10506,5
2052,5
10943,6
5717,5
1341,0
4999,3
1784,5
9041,0
5440,6
947,7
3465,6
599,2
10449,5
9578,2
6552,7
513,2
7218,7
10692,6
9259,7
6583,7
4270,0
7349,5
7604,3
332,1
544,0
982,4
61,0
7224,6
609,1
1034,7
4355,1
7106,1
7428,4
604,6
5712,7
5899,1
5527,5
4051,1
9466,2
4819,0
641,0
3083,3
1212,7
5100,5
10164,1
2910,1
9731,2
5981,1
3015,0
1188,2
3798,0
10705,6
11132,7
3887,3
7744,4
3309,4
10627,0
1941,6
7941,6
1465,0
1526,7
10598,6
9385,1
9925,1
9735,2
9841,5
3840,7
4126,5
628,7
3899,6
118,2
6670,1
5539,2
6551,1
639,0
11292,7
1187,1
661,6
3433,7
7632,3
6865,7
6775,7
4034,6
676,2
1978,4
7554,6
9160,3
6296,2
10620,2
260,5
2846,1
9289,5
320,3
1717,6
1564,0
11365,5
2833,0
9451,0
2285,0
4759,1
10566,2
10997,3
7939,1
9071,3
8745,6
10594,1
4112,5
1278,5
8652,5
469,2
555,3
11359,2
8106,4
5907,7
7729,4
9401,2
760,0
1362,0
8315,4
2217,0
3321,1
9131,0
2173,0
470,5
8605,4
409,5
10466,5
5557,1
2669,2
7251,7
9305,0
1578,0
1062,5
11011,7
1828,2
3790,1
11290,2
9854,7
3345,1
10335,6
7563,6
1858,2
4215,3
5551,7
2092,1
6046,0
9652,2
3571,1
5085,5
9706,6
1684,6
6690,6
6981,1
5459,0
4388,1
2772,4
8221,4
3277,6
5028,0
7920,2
10348,2
10828,1
8062,0
7534,1
11202,7
8939,4
7931,4
8948,5
7359,1
8365,7
6501,2
219,7
128,5
3831,0
7921,5
2742,3
2296,2
5657,6
8834,3
1588,6
2984,3
9140,6
7362,4
1868,5
6596,5
1848,1
560,7
800,5
10536,5
953,0
952,1
678,6
4086,0
139,1
8165,3
10481,2
4762,1
11333,5
8903,3
9132,2
7078,7
1046,5
1317,5
3864,7
5947,5
2419,1
3740,1
9553,5
1259,0
11255,7
11106,7
2695,0
6148,7
3728,1
3375,4
8231,4
3543,3
8040,4
9246,3
7539,7
6989,6
574,6
4894,1
10602,0
9658,6
6647,5
5878,6
7976,1
3214,3
9482,0
9180,4
8,1
5197,5
3297,0
9588,5
4300,6
1249,1
9026,5
4704,6
5812,1
3331,5
5321,5
1294,4
2229,5
2840,0
1617,6
4383,0
7886,0
10575,5
4259,0
204,3
796,7
4164,6
11231,0
10327,2
11254,5
2441,6
1149,2
1171,1
8656,4
196,2
9298,1
2425,6
9203,4
10684,3
4202,1
6156,6
2726,3
1231,6
1458,0
3677,2
3942,0
438,6
6237,7
719,7
6874,1
1079,0
3418,1
1931,0
11052,0
1700,2
2516,5
9816,0
10441,0
601,2
5215,5
1873,6
6439,5
9982,5
1864,5
6677,7
9415,5
580,7
9261,1
9234,0
3274,1
8173,0
10683,2
10185,5
509,2
756,5
2713,0
9877,6
1764,1
10515,0
112,1
8974,7
3836,0
11155,2
2310,5
5231,2
8876,3
5392,6
8568,4
5145,5
2315,6
392,6
8575,2
1910,5
5979,5
98,3
1240,1
1477,7
3877,5
9523,2
10563,0
3932,7
3557,6
2645,1
4962,6
4751,2
9954,2
5629,2
11065,7
1319,1
8663,4
26,0
2187,0
6555,5
473,2
336,2
11178,2
132,1
7900,3
1631,1
2307,5
9707,0
7835,3
1493,0
3519,6
3966,0
8817,1
10236,0
2184,0
852,0
2336,0
6193,7
4972,5
7026,6
11092,0
5807,4
11344,2
11001,3
11000,7
6550,5
9372,0
4400,0
5397,4
5390,7
7427,0
2912,0
1088,5
9036,5
2931,3
9400,2
9349,6
8410,0
8693,0
10962,5
5435,6
2752,5
5804,0
4190,7
3826,1
3709,2
4820,0
3627,3
4257,6
8808,3
5851,4
9965,2
8694,2
4167,1
3492,5
8743,5
232,2
310,6
1507,0
9755,2
10628,0
3805,0
5555,3
4677,1
2762,2
854,0
10017,6
10201,2
2572,7
10174,3
9738,2
1698,7
10235,2
9836,0
3522,0
65,1
3128,2
6111,5
11007,4
4247,3
567,7
2354,0
8046,0
6814,7
1711,0
1805,6
2641,0
3883,6
3568,2
2923,0
5320,7
388,5
11296,2
3718,5
6117,2
1808,6
2197,2
2775,7
9266,5
2016,7
10169,0
5087,6
9363,5
1201,3
2994,0
6199,3
6862,4
6,2
4387,6
10257,1
368,5
9878,2
10112,5
3388,3
9673,2
10401,6
1807,4
7638,4
10941,4
2370,5
5614,7
1640,2
10819,7
11198,5
8804,4
2180,0
6972,6
5391,7
73,5
11316,0
6246,5
4027,4
2785,1
364,7
4855,1
10693,6
9118,0
10132,0
10576,7
4420,3
1427,3
1160,7
9901,2
9154,6
10109,0
6798,4
10599,5
664,7
1901,6
1727,1
11240,2
3704,7
7605,1
8169,3
1025,0
4966,2
4305,4
2757,5
9624,2
10830,2
3314,1
5465,0
3641,1
3841,5
8567,2
3898,3
5687,3
10475,2
11207,7
6311,5
3539,1
9488,5
7130,7
87,5
3396,5
5479,0
2104,5
3929,5
10890,2
8164,4
9562,5
978,3
5190,7
2028,6
10958,2
1272,2
1309,6
6655,7
855,0
4359,0
4338,5
4030,7
4318,0
2262,2
3558,5
9762,0
1580,5
9232,5
4805,3
2607,1
8468,6
3804,6
357,5
9347,3
8730,3
3085,3
11209,6
1435,0
4223,1
1159,5
8009,0
4096,7
3791,0
4340,2
9490,5
9779,5
4332,5
5270,5
3144,6
2202,2
1422,4
7774,1
4227,1
3497,1
9167,3
1217,0
3605,2
122,1
873,0
11,0
8751,0
5869,7
1418,7
11260,0
337,5
4741,5
2306,0
10470,0
6125,1
5681,0
3453,5
1198,5
5970,1
7,0
8069,3
8377,2
3849,1
9431,7
9567,6
4968,0
3435,6
3964,1
5016,0
3546,0
1632,2
1384,4
6575,7
8597,6
6211,0
9947,0
6476,5
8564,7
6015,5
1657,6
888,0
10760,0
853,1
8765,6
1875,5
714,3
3293,1
3955,6
185,7
2803,7
9023,3
6200,5
2311,4
7148,3
3857,6
2699,7
1659,0
10763,2
828,5
1892,5
3626,0
759,1
6461,1
9438,7
748,6
2064,7
10405,0
2244,1
10559,2
11083,1
8698,2
1939,5
5816,0
8659,1
3473,5
11277,1
2709,7
1413,6
11111,0
8436,2
11265,0
2150,5
5091,1
1830,2
1922,6
1387,0
10037,6
2075,0
4521,2
6880,7
2830,6
10874,0
1988,6
7611,3
1116,1
9230,3
2240,3
3969,1
376,6
6870,4
10410,2
913,5
4945,0
3328,5
8685,3
1408,1
9069,4
2515,4
9945,2
10621,2
3536,6
4017,0
8630,1
9923,2
1423,5
10301,1
1476,6
10205,6
1591,5
1536,0
9083,3
2659,1
683,3
8803,3
1496,0
3020,5
8518,2
2265,0
2271,1
20,0
322,1
5507,1
10881,3
9543,5
4261,0
7966,4
9986,5
5442,6
7028,3
2074,0
7832,3
657,2
752,0
8420,2
2364,6
1117,0
8617,0
7117,4
5762,6
3053,0
5046,2
3795,4
10135,1
2755,0
2735,1
8129,7
1391,7
10605,7
1904,1
3903,1
1622,7
755,7
1740,2
169,7
10837,7
10392,2
1373,2
4025,7
1613,1
1132,0
1148,5
10859,0
4473,1
8323,3
5433,2
4281,1
9586,2
1796,6
3373,4
11150,2
363,0
4315,0
5699,0
4177,0
10794,2
5092,6
10026,0
7012,1
10870,5
10530,0
4766,5
659,5
1906,6
3623,6
261,6
11109,2
7083,3
10514,1
8595,0
1014,5
1254,5
8500,6
2602,5
10316,6
7685,7
6118,1
9516,6
1905,5
7760,3
936,7
10165,5
606,0
1189,0
9119,1
6712,6
382,5
3572,6
2939,7
5673,5
8699,2
6395,1
2696,1
10833,5
3000,0
1563,5
3061,7
11234,0
3679,5
11367,1
9505,5
7870,3
9984,5
6262,7
7170,5
7019,6
10822,1
5055,2
2900,6
11219,4
6492,3
6752,3
9591,1
9920,0
9577,7
7276,0
8525,4
2035,4
4278,7
1457,2
10318,5
3655,0
5573,5
495,4
5363,6
11222,1
3818,5
6711,6
11125,6
6136,6
2399,5
9163,1
11036,5
7991,3
728,7
5201,0
10577,2
9337,5
7881,3
4141,3
5556,0
8461,5
998,2
3882,5
9895,5
8258,1
10562,1
9550,5
5672,1
4724,6
3176,1
262,5
4822,6
3372,4
5150,1
7137,7
7814,7
10803,2
432,7
10098,5
4829,0
618,0
9754,5
10869,0
1462,0
10094,6
8915,5
6359,4
4335,5
1119,5
10403,6
4392,2
8653,4
2977,1
9361,5
7197,6
329,2
7834,1
1540,0
8467,1
3475,2
6843,1
11147,0
3967,0
1718,0
6735,5
2316,1
5400,0
11047,1
4951,1
5663,0
6101,0
5346,6
2512,5
2157,1
9796,7
237,4
2061,7
7688,3
4053,5
1692,2
792,6
9241,5
5647,5
3318,5
10309,2
5413,2
1012,7
2274,3
10295,5
10124,1
117,0
2030,7
8508,3
5305,6
5540,0
1609,5
11118,5
11029,6
653,1
6858,3
10986,0
9846,6
4221,4
4169,4
2446,6
9143,4
5487,5
6974,6
123,2
9383,5
11337,1
7371,2
1332,6
30,0
5298,3
4984,6
11045,2
4183,4
4036,0
8839,3
3666,6
3311,1
8458,2
8697,2
1113,5
5396,4
11162,6
3999,0
5406,6
4064,5
7903,3
2053,3
11326,6
8359,2
5756,2
3654,4
2131,5
10412,0
4089,1
2128,5
6587,4
6512,6
23,5
34,6
10148,2
8486,3
9633,5
10267,2
3937,7
3024,6
4611,2
3510,6
2780,7
527,0
920,2
4365,6
8181,7
4293,2
4784,5
5745,0
213,7
468,3
3834,2
7010,5
1074,7
9174,4
10204,6
6221,6
1923,2
9311,4
917,0
3034,4
3023,0
699,7
1799,2
11144,2
8435,3
8282,0
5654,5
10956,5
4070,1
3978,5
4912,7
2320,0
1005,2
10232,3
6203,3
22,5
11199,2
7858,2
3132,0
11005,2
9393,0
1429,5
423,4
11148,1
11187,1
10704,1
2226,7
10770,2
6191,5
6592,3
10088,5
7724,7
838,2
1605,2
3327,0
5747,6
10658,1
8306,1
9152,2
325,6
7277,6
228,0
5471,0
1768,7
4517,1
11291,2
4002,7
9561,0
8589,5
464,0
4244,5
2914,6
1431,5
1945,0
9158,6
3600,6
6137,7
5611,0
1441,6
8491,3
3559,5
9760,5
7643,3
1497,6
658,1
9815,5
3325,6
7996,1
8480,0
8473,3
3535,1
10134,5
3592,0
2924,0
10427,0
3329,2
4334,7
4664,1
3923,6
1991,1
10436,5
9801,2
11072,0
10633,6
10977,2
6613,6
10733,5
1866,1
8110,3
1602,1
2371,0
885,0
6014,3
1454,5
272,0
10058,5
10389,2
4008,6
2958,3
2856,5
9581,0
7345,7
8167,4
10999,7
4528,0
11107,0
7264,1
4000,6
2797,1
4092,0
6788,7
6845,6
33,2
6126,1
3055,2
7927,2
10866,5
2974,1
7986,5
4228,7
1889,2
6113,6
7992,3
8325,3
10826,2
1855,0
10610,5
39,3
10459,5
2873,1
8790,6
9848,2
3944,0
1641,5
2231,6
6208,1
9519,6
3565,0
2769,0
6554,0
10548,6
3738,4
1394,5
3554,7
387,2
10745,7
10618,2
9525,0
4715,0
3021,1
10049,2
6837,7
3384,6
1644,6
6754,5
867,6
3636,6
5177,6
5081,0
10117,2
6436,6
6666,5
9606,0
965,0
163,7
562,0
8220,5
10823,2
273,0
10691,7
3337,2
4218,6
9403,2
286,1
8586,3
7014,5
7254,6
16,0
1543,0
10948,6
4229,6
9604,2
542,1
11216,7
492,6
939,5
589,0
1614,5
3721,1
7616,7
8860,7
383,1
7168,1
10487,2
8180,7
5519,0
2567,6
2811,6
3228,7
3769,0
6781,7
317,1
9678,0
9350,5
2532,6
5571,2
1987,5
5129,0
1484,1
3227,4
3346,7
1485,2
1502,4
10302,2
2948,0
11073,0
2892,6
102,6
10896,0
10291,5
8057,6
2503,3
6930,6
8657,6
4048,1
10951,5
586,1
3231,6
10377,5
685,0
9529,5
7287,3
8280,3
5082,1
3865,3
3379,6
918,7
331,1
9791,0
5395,4
3884,2
2899,7
2706,1
10769,2
2704,6
4196,3
6155,6
8376,0
1854,5
10590,0
2019,0
4122,6
9384,3
1346,6
4267,2
616,1
2985,1
7631,7
3598,2
10720,7
4329,1
2447,2
3615,6
4189,2
5576,4
5834,6
3011,3
8163,0
2670,6
10589,4
10801,2
3456,0
10795,1
3755,5
725,7
7256,0
6305,4
9908,2
345,2
1316,1
10341,2
2894,7
5073,1
3794,5
6945,4
900,6
10157,1
10129,6
1199,6
6766,6
429,1
9452,2
10963,5
8086,3
5350,5
21,0
8028,2
898,0
614,5
1853,6
4157,5
1716,6
3685,5
2743,5
10178,0
8695,5
2228,1
3803,0
4954,0
931,0
3770,5
1120,2
5927,7
10544,5
3668,5
7596,3
9961,4
8077,0
7143,3
3985,1
2105,6
7255,6
5051,5
5624,5
4847,0
7352,4
813,0
44,0
359,1
1981,2
1310,0
11101,7
10453,3
8385,7
2136,7
6386,6
9171,1
7678,4
3714,5
5248,0
10809,7
3712,6
3897,5
4280,3
1523,0
6975,6
1695,6
7077,3
6050,0
6851,1
1665,7
3258,7
426,2
10462,7
5610,6
9886,5
6070,4
11104,5
546,6
908,5
1121,6
11123,7
10775,2
3385,5
9397,2
3971,4
246,3
8934,4
3892,7
1252,2
8206,3
4195,5
9797,2
3224,7
1138,2
1737,5
10812,7
3390,5
1741,0
222,3
1417,0
8428,4
11136,3
1448,6
5633,5
3131,6
9857,2
2747,7
1598,2
6404,5
8036,3
5738,1
3008,2
10130,5
9439,5
7950,4
6904,5
10946,2
3381,7
2179,4
1794,6
1027,6
3142,1
10625,2
9873,0
3622,1
11312,6
2472,0
11305,6
8402,2
10637,3
6451,7
2166,1
4337,5
1690,5
11143,0
2662,0
3659,6
10053,0
10141,2
3096,6
1190,2
4506,5
7102,0
5994,5
9911,2
297,6
4712,0
7017,1
4691,1
10631,6
4115,7
10919,0
9398,2
3630,6
2101,5
5545,6
863,5
3012,7
2012,6
9331,2
5154,6
10001,1
1733,4
7701,3
1424,2
6885,3
8286,0
2485,7
7201,1
5521,1
3167,5
8395,7
10759,2
9619,2
6916,7
199,7
9469,5
2774,5
2666,5
12,2
6950,0
3699,6
4131,7
2690,5
5620,6
4745,2
3179,0
11246,1
1643,6
110,5
1042,1
7788,0
563,1
1352,0
2868,7
4621,2
10471,2
5715,7
2021,7
2065,2
5971,1
3885,1
9610,6
10193,0
3850,0
5384,0
3711,7
877,2
7088,0
10777,5
10447,1
10831,6
9149,5
797,0
1782,0
3983,0
10292,0
3957,4
2036,0
9327,2
11049,6
4719,0
3470,1
570,5
2773,5
8769,6
997,7
9500,2
2261,2
9334,5
2999,1
698,7
7989,1
10484,2
697,0
777,0
1172,5
780,5
2712,6
3570,1
9196,3
6631,6
9175,1
4224,6
8879,4
9455,6
3280,5
211,0
7120,1
10772,0
8516,3
1884,6
10742,2
4059,4
3157,0
9883,0
1859,5
1770,6
8259,4
10655,0
1115,7
524,1
1871,0
2828,3
9723,2
11066,2
4155,6
5973,5
6780,7
3289,2
4638,6
133,6
10936,4
10288,0
2684,2
2734,6
1397,7
633,1
9260,0
45,0
5782,5
7319,1
5841,6
6303,6
10592,2
3739,0
3110,2
4170,6
10750,6
8562,2
190,5
4468,5
7163,0
4283,6
10040,2
1785,1
9623,3
2940,1
2579,5
9956,1
3105,7
3938,1
1058,0
3410,4
1590,5
11179,0
6055,6
3649,2
4384,5
10894,2
10715,7
9742,2
333,2
3212,7
2841,2
9050,0
6405,1
2907,0
1203,0
9049,4
9552,4
10314,7
10460,1
3138,1
8514,3
1214,7
6971,7
5036,5
1797,0
4140,1
7655,5
7922,3
3392,5
8192,5
6505,5
10061,2
10231,1
9328,6
963,1
1315,7
5144,0
7072,4
9368,5
10127,2
3416,7
9008,2
10402,0
10635,2
10016,0
326,5
6325,0
6172,1
4127,1
5086,5
306,5
2344,0
3652,1
10522,1
3425,6
9178,7
4761,0
3230,3
11122,6
637,0
6992,3
3681,0
8719,3
4065,5
3030,5
2838,6
4317,5
8744,3
7208,0
448,2
6598,6
7736,4
3719,0
5679,6
945,7
7945,5
4550,1
8232,2
7518,4
2401,3
9316,0
4357,5
5609,2
11334,7
1890,7
4771,2
738,7
10528,2
4198,3
7880,7
10239,0
3350,7
3890,1
3733,4
4071,1
1325,0
569,1
2591,1
1461,1
11253,5
3137,5
4142,5
638,6
9296,0
3193,3
7475,4
2766,2
9192,0
7771,5
9650,5
10553,6
1151,1
10085,5
7223,4
6071,5
4483,1
687,0
3713,2
109,7
6075,0
4233,0
5658,0
1518,3
9390,5
2911,5
1447,0
3366,1
10122,2
6955,6
10384,2
5572,4
2657,0
2132,1
3716,5
9325,1
10057,0
9780,0
9828,0
8754,3
883,5
5910,2
9461,1
8466,1
7696,3
9221,3
3058,0
10966,6
9290,6
10111,2
2574,0
11042,6
8521,3
1731,0
10947,0
3943,6
5897,1
1295,6
6418,6
2997,5
647,0
4152,2
8037,2
4811,5
3747,6
1140,5
5888,1
10062,2
10588,2
424,2
1648,0
10511,7
7067,3
1449,2
7995,3
11026,2
2076,0
8432,4
2133,0
4349,6
762,6
10938,6
5798,6
1285,6
2820,1
5753,6
10807,1
3308,6
8658,6
1351,0
10372,1
3269,6
3479,0
8721,2
10140,7
2127,2
10842,5
6348,1
10995,4
5898,6
2443,2
5183,6
2590,5
1153,2
9454,0
10220,5
2129,4
970,7
2507,5
6588,7
3081,1
10668,0
543,2
405,5
11043,6
1094,0
1626,3
11364,2
235,2
3766,7
11093,5
10912,6
5291,4
5901,6
10281,2
9566,5
2330,1
4161,1
3624,0
3555,6
9067,6
194,0
9847,0
904,5
3035,5
10147,1
6068,6
3407,7
2618,6
8031,0
10786,6
5192,0
2819,0
5593,6
7180,7
5904,2
9169,6
5476,0
6723,7
10424,6
4088,7
3667,5
7504,7
4241,2
7557,3
1739,1
9145,5
9188,3
794,5
2429,1
2145,0
9679,2
10518,5
3223,3
8561,0
4840,5
7162,0
2944,5
2541,3
2518,1
10797,0
7751,6
9237,7
9150,7
2673,0
9250,1
3009,2
11310,0
3773,0
1393,1
10781,4
3934,2
10752,0
3988,7
3232,7
6074,5
4569,5
3404,1
2660,2
8893,3
2702,0
10153,0
7476,7
5889,5
3511,2
6762,7
10276,2
10370,5
6717,1
5155,1
4172,7
736,2
10712,6
1702,7
2559,0
10388,0
6709,5
8295,5
2125,2
1432,5
4205,5
5752,1
7219,6
4265,1
64,7
2753,2
8111,2
620,2
1593,0
1040,1
4285,2
11293,6
3635,1
11197,2
3203,4
10994,3
990,0
3353,1
2297,0
3646,2
3211,4
10987,2
11201,6
2563,0
9465,0
2168,1
2367,7
11245,6
10623,0
4197,1
10632,7
9769,3
4602,5
5522,1
2725,5
7769,0
6006,2
8358,2
7540,1
9983,2
9358,0
545,3
1694,5
2279,0
4100,5
9635,2
7885,7
3049,2
8487,5
10078,0
1229,0
8947,1
3894,6
10369,2
8216,3
4018,0
11110,7
9587,6
7178,3
6396,5
3288,6
5449,0
4639,0
6427,3
7874,0
4369,6
10805,2
259,7
3177,5
5819,2
7166,5
1606,7
4344,6
9860,1
3050,2
2954,0
9013,1
270,5
10790,7
6240,6
4061,1
10903,2
4663,7
7593,3
8747,1
7942,2
2945,0
3731,6
2268,2
2186,5
9584,0
6457,7
8055,0
11119,0
3312,2
3174,1
9884,1
8587,3
1628,0
10371,0
3618,0
6725,1
8265,1
8529,3
3333,1
2526,0
2293,1
1778,5
4147,5
10271,5
10513,2
8733,3
11368,4
8837,5
10571,5
11339,5
10860,6
7755,7
7526,7
9306,0
5619,2
3588,3
8101,4
9404,2
8322,2
3563,1
1460,2
488,5
5447,6
11054,2
8798,3
9681,2
6152,4
5694,0
5563,0
2189,2
11076,2
1063,5
6871,2
3935,6
11177,2
7876,3
4615,7
8273,3
1557,5
2233,0
1232,4
8076,7
1039,6
2595,5
3340,4
7238,0
5418,5
10558,5
4516,2
7220,7
1676,2
3758,1
5458,5
1455,2
6879,5
8556,4
1166,6
1090,1
1469,6
79,5
3975,5
7350,7
8256,0
11242,2
7606,1
3022,2
9717,0
3369,2
6261,5
9572,7
10671,6
5972,0
1693,0
205,7
3162,0
11089,5
2224,1
5566,2
8357,5
3691,5
1936,2
9425,2
6730,5
1197,7
7165,5
4040,7
9342,6
10838,7
10766,5
4309,6
798,6
3169,6
3603,6
5682,7
2215,2
8117,3
786,7
1555,7
3472,7
10425,1
10431,2
1364,5
7069,2
7575,1
4808,2
3099,6
1826,3
2433,0
85,7
10323,2
269,5
3842,5
2113,6
1265,1
9548,0
10328,0
8375,7
308,6
11067,1
2854,0
4153,5
7356,1
7845,3
6659,0
5464,5
6700,6
10755,2
3164,6
2356,0
3,2
7625,6
4174,5
10330,7
4173,6
7994,7
909,2
5543,2
6651,5
7749,1
11306,5
1183,1
9891,0
9964,5
2629,4
5680,1
2167,1
4076,1
2925,5
2326,7
4287,1
8324,4
8087,3
1125,0
7021,1
6542,6
6944,1
9344,0
4454,2
4176,6
7288,7
6090,5
7410,7
6978,3
8696,2
7919,6
3863,1
4102,1
2001,2
11004,7
2672,4
9919,0
788,6
10019,5
8198,3
2834,2
667,1
6894,3
11356,0
6815,6
2883,0
6198,5
9832,5
7051,5
730,4
3810,4
8783,3
6092,1
3225,3
4211,1
1470,5
1616,6
374,4
5161,5
2400,5
2488,3
8292,6
5095,1
3496,3
7964,3
8489,3
3029,1
10722,2
10137,0
10904,3
10721,0
3421,2
10262,2
1358,1
3097,5
243,1
914,6
2878,6
7440,3
2440,4
10660,2
10816,2
57,3
2540,6
4499,5
10067,0
11013,3
10908,6
8859,3
459,2
10728,5
5601,5
7564,4
943,2
1302,0
3402,7
7594,1
8705,0
443,6
11192,1
2606,2
7404,1
2768,2
11103,6
3875,6
8148,4
4398,7
4021,5
674,5
2908,5
2298,5
2347,7
8176,6
7913,3
2781,2
10411,5
8983,3
1883,1
10910,1
1714,0
8421,1
1837,2
3291,2
6848,1
3294,6
7909,3
55,6
6450,0
2539,7
4319,6
5237,6
3644,6
2464,6
9382,0
4234,1
10160,0
732,2
11360,5
10791,1
2575,5
10171,6
6509,7
10708,6
3185,5
4675,5
2182,5
1982,5
1839,0
2223,0
10646,2
932,7
9084,0
7574,6
1908,6
6578,3
1813,0
3484,7
8441,3
342,6
9929,5
1234,6
872,5
8321,5
6645,1
11257,7
2221,6
561,2
69,0
5271,5
7098,5
5318,6
607,2
2727,7
9694,0
8005,0
6391,6
5477,6
7351,7
6720,3
9377,3
1360,0
6920,7
2655,6
35,4
519,4
10596,5
9456,2
100,5
5514,5
478,6
295,5
3172,0
3502,5
2693,0
547,5
2902,5
212,3
7076,4
1989,2
5065,6
2587,1
10398,7
1919,0
2495,0
5131,5
6633,5
6446,5
839,0
10107,5
7035,2
2040,7
10739,7
267,7
10669,1
10638,5
96,5
6751,6
9411,3
1921,0
5909,3
11051,6
4149,3
3538,1
8781,6
4592,1
4572,0
7113,7
6608,4
5500,5
360,6
7910,2
3506,5
9510,2
8208,4
4132,6
9712,2
2026,0
3316,0
6727,7
5380,0
4421,7
5591,5
791,6
8049,7
10953,2
8139,7
10734,1
51,3
9485,7
1843,1
6102,4
8177,1
11250,2
3569,1
2554,2
2513,1
2890,6
10955,2
3896,6
4041,0
9468,6
4979,5
5007,6
3732,6
9882,0
8354,3
996,0
3880,5
9987,5
8832,2
10711,0
1268,6
1655,0
9513,6
11289,5
10930,2
7838,2
1359,7
4502,0
10303,5
10275,2
1472,6
10982,2
11330,0
9643,0
808,0
10420,3
4796,6
10490,1
7053,4
11252,6
7457,4
4575,2
10568,5
4245,1
10839,0
3395,6
6522,4
1996,1
1242,2
10308,7
173,6
5875,5
7048,2
10483,0
4316,7
595,5
3664,0
5009,0
3518,7
1163,1
2565,1
789,0
2198,5
7321,0
655,7
10081,0
1105,2
7097,3
1867,5
3786,0
713,6
5853,5
8301,0
3862,6
7533,3
8897,5
6741,4
1607,2
7514,2
10455,1
3581,3
134,7
3889,6
2717,7
5431,0
5568,6
5417,1
2972,5
1292,0
143,7
1082,5
6898,7
4964,5
2318,7
2138,6
9517,2
10923,2
3777,0
4200,3
2163,5
10021,0
3550,2
8450,3
1195,6
1053,7
1102,2
5529,6
140,0
4967,1
3092,0
2146,7
6463,6
2865,0
5965,0
1185,0
2008,6
2979,0
147,1
10751,6
8785,6
3796,5
1291,3
7397,2
10799,5
11180,4
2937,6
6599,0
10429,5
4496,6
10018,2
6445,5
3480,2
8679,0
9115,1
11088,2
7864,3
11095,0
11286,3
3799,5
9703,1
10617,6
9656,2
8127,4
850,7
10815,6
6422,7
2365,5
1468,7
9170,1
10350,0
5607,5
6220,6
42,5
2212,7
7338,4
7925,3
1247,2
4760,6
1499,0
7640,2
5937,7
60,5
3517,6
2460,5
3639,0
5353,0
4410,0
48,5
1999,1
10998,1
5478,6
4084,1
5239,2
7973,6
3994,5
9376,3
3422,6
6707,3
6789,6
2378,5
7839,4
10767,2
9630,5
4082,2
672,7
11090,0
766,5
1532,5
3257,6
3452,6
4336,0
11003,6
254,1
1990,0
7209,7
8708,5
1261,5
9864,2
2047,5
8479,5
11017,1
6852,6
175,0
6338,1
3070,5
11135,2
9790,2
1270,1
1798,0
11008,7
6419,6
8570,3
3729,1
9528,2
4298,0
2627,6
4405,0
1202,5
8152,4
10445,0
307,7
6774,1
1438,5
2791,4
8610,4
737,1
8614,3
1353,1
1419,7
6417,7
356,0
3861,6
11341,0
1037,3
3161,0
3551,5
3972,1
1436,5
3940,0
496,6
3845,5
4579,7
6533,0
7115,7
7568,3
1081,5
1329,2
7322,2
9638,2
9102,7
10886,4
10939,0
1757,2
10944,4
1920,5
2248,3
680,0
8513,5
10670,0
2060,1
7187,3
3612,7
10873,2
9564,2
3315,6
3354,3
2439,4
6565,5
1154,0
10612,0
7060,1
3566,0
1618,5
10095,3
9752,2
3564,6
6494,0
7422,6
10347,4
1752,0
2190,5
10843,0
10849,1
1099,2
10653,7
2033,6
3574,1
1927,0
6724,6
4235,2
10773,2
6998,6
5502,1
8649,3
1742,6
1762,5
1758,4
10650,2
2208,4
7015,7
1489,3
3743,7
4723,0
9928,0
5393,4
10186,1
4433,5
6922,2
6536,5
11362,2
8535,5
2626,6
4815,1
10011,0
9277,1
2767,7
10083,2
4371,6
4074,0
7914,7
8732,5
1533,0
7413,3
489,2
2421,6
3038,0
8367,5
5919,7
3778,5
6321,3
6037,1
7229,6
8236,4
10422,0
8308,4
2973,7
4991,6
11063,2
9332,2
2043,2
742,7
10297,5
3620,6
1929,0
2461,5
3063,0
3871,7
8161,3
10884,5
5872,7
151,4
101,6
7627,3
330,5
10758,1
10003,1
3856,1
3117,6
5974,6
8084,7
8509,2
3757,4
349,2
2325,4
10787,5
2376,5
10022,2
2787,0
3782,1
690,6
7096,6
679,2
145,0
2644,1
4818,0
6573,7
8470,4
10233,0
1751,3
215,2
2175,6
11071,5
2853,7
4826,5
5253,0
5066,2
3931,2
4929,3
7278,4
1997,1
7542,2
5279,2
5767,6
6285,7
10298,5
10509,0
10875,7
7847,7
8277,7
741,0
4320,0
6674,7
3448,5
2975,0
11228,1
193,5
1445,7
3859,1
911,7
3980,2
921,6
9534,5
10161,6
1178,2
3434,5
9843,0
3984,2
10503,2
6085,0
1918,5
2608,2
3607,7
3645,7
7726,5
7727,5
4268,2
5627,1
62,0
5820,6
11012,3
11100,2
5930,0
3874,5
1227,5
1273,7
7375,7
1561,7
9938,3
5139,5
9162,0
3762,5
9596,2
3263,7
4852,6
2361,5
7160,6
1215,5
9281,3
10245,5
11210,2
9951,2
4208,7
9853,0
84,1
8958,3
6626,7
9193,4
186,0
2209,5
3165,2
3267,1
871,0
10409,0
4953,6
5518,1
6304,6
8613,5
4403,2
994,2
1334,6
896,5
11311,0
3481,6
6940,6
4327,6
6623,1
7528,4
11248,2
1775,0
10331,2
152,2
2849,6
4976,6
3901,7
6350,6
3541,0
993,2
10543,2
10540,2
144,0
2056,0
2686,5
1345,1
4474,2
10811,0
6206,1
1030,7
6023,6
7559,3
11025,5
8228,3
950,2
1802,0
6038,5
3202,3
7003,3
1575,0
5755,0
2094,2
4182,1
8010,3
3651,6
3548,5
10630,0
10240,0
2387,0
8146,3
6800,0
3948,6
1521,1
3577,6
11223,6
1501,7
7622,4
6133,5
5799,1
9822,4
10674,5
10661,2
1385,5
9718,2
2357,5
4768,2
9394,0
10952,5
3524,2
3675,6
4776,2
8059,7
3120,1
8095,4
11269,6
2407,6
4651,0
3976,4
9275,6
11297,2
8074,3
3860,5
650,6
10979,2
2018,1
3504,6
5596,5
9208,5
3821,0
3604,6
10792,5
3741,2
4136,1
833,5
1070,7
3192,3
10285,2
3961,1
7859,1
4350,0
4909,2
9573,2
4160,5
626,0
8478,1
11130,7
1337,7
2070,6
10985,1
2981,1
9518,2
7570,7
5103,0
11258,5
1464,0
10878,0
969,2
2818,1
9916,5
746,1
4014,6
6770,7
5988,0
3018,1
1840,0
2741,1
9930,5
7938,2
10723,2
10565,2
976,4
1367,0
849,6
2949,6
7284,6
4301,6
2342,6
6864,5
1266,6
9655,2
9364,0
4904,2
9220,0
3079,6
790,2
1404,7
7609,7
5643,5
9039,0
8006,5
2761,1
8671,0
5951,5
6905,3
5803,1
9511,2
10485,0
3753,7
10101,5
4364,0
202,6
2652,0
10909,2
1749,2
157,0
127,1
5558,6
1704,2
4110,0
8100,3
4035,1
5375,2
53,3
1072,2
5766,0
5495,0
5492,5
3771,2
3608,1
9814,6
3614,5
11301,1
6362,7
933,5
2243,0
3450,7
5646,5
2737,6
10710,6
2632,5
4510,0
189,5
9322,5
4816,6
3089,0
2327,7
9285,5
3582,7
9494,5
10197,0
13,4
10926,2
2394,6
5414,0
3868,2
1539,1
1975,1
4918,0
5586,0
5958,6
4941,5
3386,6
2253,0
9758,2
7127,2
7647,3
10928,2
1378,0
7274,6
3036,5
3673,1
11034,2
9459,2
10925,2
6282,4
10468,2
8447,6
8951,3
812,7
787,5
10988,6
1031,1
1282,7
3273,6
4119,4
11352,5
3855,0
11169,2
4513,2
5452,5
2489,7
9748,0
2993,0
521,7
6392,3
621,3
10808,0
3152,6
8413,3
2511,7
5677,7
3290,5
3672,7
1524,7
1443,0
1011,5
3300,7
4264,6
576,1
450,2
5512,6
622,4
1170,6
4367,0
7436,4
5913,1
10527,0
1406,5
9380,0
1213,7
176,0
6123,5
2106,5
10497,0
3916,5
2731,6
41,2
6772,3
7204,7
1492,5
3508,1
4846,2
5721,1
718,2
2656,5
9958,1
6785,6
5351,6
452,7
9974,7
9777,2
10215,0
1165,2
10659,2
9295,0
5567,7
9942,5
11251,2
2453,0
10430,5
249,0
10814,2
11053,7
3429,5
5781,2
4732,5
10210,0
9288,0
2738,3
9052,1
8594,3
9496,5
28,3
8633,3
11275,0
3619,6
832,1
3323,5
3521,7
3576,1
8618,3
5402,5
7999,5
2557,0
9866,2
4370,5
463,5
4279,6
3115,1
9692,5
6250,6
5757,2
11002,1
634,2
5339,7
9944,0
4001,1
4199,3
6791,1
8625,5
5642,6
6903,5
6697,3
3928,1
1630,2
8501,6
3549,4
497,7
1535,6
10268,6
3139,0
3808,5
8453,4
4210,5
3827,6
8720,6
4787,1
1233,0
8079,0
6217,7
414,6
9775,2
857,0
991,0
191,0
7447,0
774,5
6017,1
9286,0
9287,1
10524,2
3056,5
610,3
8796,2
4104,0
1045,5
654,0
2143,2
9787,2
10651,7
36,5
10556,2
5778,0
3523,7
10472,5
9874,0
6878,1
6902,1
2941,0
6891,6
6026,0
2594,1
8239,0
4697,5
3364,4
7543,4
2783,5
8201,5
10177,7
3933,1
9893,0
1505,5
391,1
2501,4
4498,2
8841,0
313,0
10005,0
10741,0
4123,2
2214,6
4702,6
1253,2
6283,5
2691,3
677,5
10667,5
10339,0
5585,3
971,0
5880,5
9611,0
6462,0
9818,0
9114,4
10020,2
7968,6
4262,3
6910,6
9646,2
4114,6
686,6
2601,1
7263,7
968,2
11018,6
9585,2
7033,3
3200,0
4411,3
6816,6
691,0
292,0
7591,4
11285,1
9640,7
3760,0
9524,0
4996,2
979,7
5969,1
4922,6
7317,3
6466,3
2530,2
4236,1
1635,2
5606,3
4356,6
6769,5
1728,5
820,7
10857,4
2991,2
10106,1
740,0
5774,2
505,1
8439,3
8190,2
706,0
10877,2
4467,5
2438,5
7155,0
3124,2
6010,6
4139,1
8373,2
3596,6
10727,0
9236,6
702,4
1666,5
5725,6
7501,0
7044,6
11268,0
5489,6
304,3
8215,4
2153,2
4534,5
8950,5
1930,2
4269,5
10762,5
1401,7
716,1
10045,2
9373,0
6973,2
11342,2
9228,5
705,6
2380,7
9927,2
844,1
2358,2
8515,3
10100,0
3195,2
6488,7
4977,5
1571,5
11074,0
7261,1
4005,1
1372,1
4166,7
10123,6
2995,2
10120,5
8636,3
384,5
6379,1
3208,7
4744,2
10768,2
1977,0
4240,7
10047,2
4184,5
63,5
4965,5
10382,5
8328,3
603,1
25,5
7326,1
10887,0
9937,2
3595,4
1290,1
4414,2
10374,2
3125,5
2068,2
11086,2
5398,4
9467,5
1558,5
644,1
10526,5
6020,6
554,2
9435,6
8906,3
3680,1
6363,4
2258,4
7183,7
6675,7
10639,6
9116,4
2305,1
3749,7
6266,2
6093,6
3998,0
11315,2
1788,1
2269,1
2085,2
11304,0
3625,3
9109,4
6316,6
5080,0
10461,3
6919,6
4331,0
10700,0
6863,3
10918,0
5061,5
549,2
5162,5
3242,4
3103,5
10707,2
4600,0
3793,5
9408,4
10900,5
5998,0
11191,4
5181,2
4180,7
8684,3
8326,1
10007,2
8134,0
159,6
3146,0
2288,5
3683,1
3001,2
4067,1
9632,0
10009,6
5604,3
5356,0
9406,2
2455,1
2,2
3606,3
7924,7
9666,2
11327,1
2650,0
3320,3
2600,6
8510,6
8531,1
1894,1
10065,1
566,4
7164,2
2046,0
10251,1
9441,3
367,5
10840,5
8238,4
8345,4
1439,0
9043,1
886,1
4942,6
4185,7
11211,0
2858,7
10550,5
10740,3
10209,2
6758,3
5934,0
9980,0
10036,2
381,7
1786,2
1060,7
3457,2
2466,5
9278,6
9902,6
2177,0
6444,3
10151,2
2988,0
10437,1
3010,7
10644,2
7753,7
181,5
3547,0
4252,6
10360,3
2971,0
10277,2
9449,5
1672,0
1880,6
4763,1
3344,7
3632,6
7308,3
9206,4
7584,0
8094,2
378,5
3360,3
10663,6
4079,0
6094,1
9186,4
4192,1
9110,3
11318,2
2126,6
396,2
3303,0
4659,2
5560,5
10942,5
9078,4
4415,6
2204,5
9898,6
8643,3
3261,3
2560,3
7599,0
263,1
7406,1
5939,5
6447,4
3723,1
7837,3
3734,4
3531,0
2930,5
1612,0
7866,1
5852,0
7681,3
2013,6
2225,6
7144,2
2887,1
6977,1
8949,6
466,0
4143,4
9605,5
10681,7
3926,5
5157,3
1623,1
7182,3
7970,1
7711,3
3485,6
1284,1
8944,4
6197,7
3028,1
10145,6
7959,4
3278,7
9243,6
8665,7
3584,4
4644,0
4837,5
3974,2
1480,3
4091,6
6298,7
1349,2
2692,6
1453,5
10964,2
5792,0
6171,0
6985,4
8911,3
477,0
579,6
10469,5
1865,6
3305,1
6163,0
9682,2
2445,0
2042,2
3387,1
587,1
1851,6
7767,5
2090,2
10492,2
6804,5
3014,1
8294,5
1959,5
11079,0
2442,6
2946,2
9378,7
10183,2
1738,2
1541,1
511,3
1179,0
11343,6
9443,5
5408,1
8526,7
10645,2
671,0
2728,0
4135,7
6667,6
245,1
425,5
10665,1
4559,7
11084,2
1101,7
8849,0
4734,0
2605,1
4022,7
8767,3
6999,2
858,0
10648,6
7205,7
4073,0
10864,0
4949,5
8311,3
815,0
5684,2
153,1
11288,1
3033,1
7161,6
10717,1
5308,0
10883,6
3660,0
8572,1
5319,5
9073,7
2160,2
6099,5
9940,2
10945,5
2020,1
9405,2
9809,0
5776,0
5003,0
4188,0
11363,0
11157,1
3339,5
3873,6
8355,5
9499,0
9319,5
5995,0
7414,6
11287,3
2562,0
1926,7
821,5
2426,2
10139,2
158,7
1313,6
1407,0
7461,1
11263,2
9387,2
217,6
2237,6
3987,3
6195,5
5810,7
5740,6
9558,2
2115,0
2794,1
10771,2
5590,7
11345,0
9375,0
9,4
8124,7
1944,1
4116,5
5987,7
4974,2
5260,5
11021,7
3256,3
769,0
7103,7
40,2
2417,7
7725,6
6188,6
10989,1
3428,5
7887,5
1029,6
3866,1
7958,4
265,5
4925,5
2784,5
3952,6
3317,4
1288,2
4412,2
9124,6
4242,0
9659,7
5516,7
9184,4
8806,3
5362,6
2372,0
5744,2
9948,5
1713,2
3867,7
1663,1
2049,0
9314,6
9544,0
9271,5
5908,3
490,1
10606,2
4098,5
11278,3
6497,0
1895,6
10438,2
2079,1
9975,6
11168,4
515,4
3469,4
1338,6
2191,6
3745,0
11322,6
771,0
3113,6
4343,7
9657,4
6968,6
3705,7
2289,5
10965,2
9291,1
7906,3
3927,3
4299,7
10974,5
10969,1
10264,6
2403,5
2333,5
11176,3
7723,3
4361,2
251,6
3710,1
1599,0
3443,1
3482,6
1238,5
2749,2
8188,3
660,6
3026,4
9728,0
10397,2
3594,7
11236,1
5373,5
3761,2
4276,7
9704,4
344,0
2275,7
8261,4
7571,1
6507,7
2319,2
8673,0
553,2
7327,3
10785,6
1241,5
11280,1
3301,0
5801,6
11189,5
149,7
454,1
4864,2
5830,0
7714,7
6231,5
10824,0
7039,6
4886,1
361,0
2246,4
7717,3
3220,7
2986,2
8255,0
3209,3
250,5
874,5
2309,2
2123,6
1260,0
9969,6
9045,5
2723,1
1707,5
9199,4
7431,1
9447,6
3414,7
8369,0
2881,6
10699,5
10051,1
5111,5
5575,0
17,0
3950,0
8073,4
4056,1
5641,6
3445,0
2916,5
8871,3
10075,0
11282,3
3879,6
811,2
5623,3
2876,7
2216,6
449,0
3155,0
10237,2
6061,0
2570,6
323,1
9879,0
9254,1
10992,7
1056,1
559,5
624,6
1589,2
8706,6
3846,7
1646,5
2578,3
2796,1
458,5
4159,3
1849,6
11307,0
5116,5
5365,2
11283,7
11184,6
1343,2
3187,3
6147,1
9941,5
11037,5
6857,3
4049,6
9837,0
3567,2
7119,7
3098,1
10827,0
183,0
6387,3
3698,1
9732,0
9979,5
3917,6
10615,5
2980,5
11154,1
3573,6
11241,5
6254,0
9721,5
4764,4
6654,0
1137,2
8957,0
7675,5
6318,1
6002,3
4033,7
2059,5
10024,5
3991,4
9125,4
10895,2
3283,1
5817,3
3579,6
9429,0
5964,0
4834,2
5268,5
1933,7
9997,5
7482,7
77,6
10179,0
9367,3
3689,0
6524,0
10283,0
1301,1
3693,1
5439,5
2829,6
8648,3
1946,5
2510,0
5053,5
9302,5
8460,1
9423,5
3724,2
841,2
710,3
4129,2
94,4
1834,2
3886,0
1271,0
3956,3
3759,5
3198,0
8223,1
4546,2
8247,4
895,7
3727,4
1230,6
903,1
9699,5
11044,0
1073,5
2689,1
6964,6
717,5
9146,3
1653,7
3970,1
4209,7
9949,0
5315,2
5982,7
289,1
8104,7
1916,1
43,1
10678,6
6883,4
6393,2
3526,4
7833,5
1162,0
8462,0
9058,1
795,2
3336,5
1047,2
4825,0
6360,1
10399,0
1827,0
8873,1
8638,2
2933,5
5704,1
2118,1
10619,0
9491,0
9761,5
11348,2
7892,4
8317,0
1376,2
74,7
2236,5
987,1
9096,3
10069,2
10458,6
2067,0
6672,0
7217,3
5705,5
1960,4
4858,1
6287,7
4556,2
6459,6
925,1
8229,3
7849,2
3160,2
7395,4
3820,0
4178,1
10012,1
9715,5
3403,6
10217,2
6787,6
2073,0
1688,1
9165,3
1893,1
362,6
2667,5
2724,6
1872,0
6571,7
1783,1
3406,7
210,5
6022,2
8748,4
3634,6
406,5
4635,0
3530,7
803,1
126,5
2813,0
1952,6
2389,2
3686,2
2450,0
1781,0
1026,5
2836,5
7916,7
10280,1
5678,1
10967,2
3299,0
2617,1
6411,6
9922,0
4927,1
417,5
3746,0
8539,5
5121,2
3853,2
3822,1
10735,2
5023,0
4171,6
3989,6
7157,0
6045,5
2459,5
10342,2
3609,1
2474,5
7670,7
9015,2
2592,0
8210,4
412,0
11320,1
3835,0
8484,2
1879,0
8023,1
66,1
10853,7
3616,0
4385,2
3440,5
7884,6
1587,0
9583,6
6941,7
5815,5
10852,6
922,2
238,4
6062,6
2031,6
5244,1
11196,2
510,2
9300,3
6877,3
10307,2
4643,0
2048,0
10636,2
9211,6
10789,1
2398,0
5098,6
2082,3
9464,6
4917,0
693,0
10238,2
453,7
10114,0
278,0
1509,0
2283,0
1801,0
5533,6
4130,4
2473,7
4446,6
8442,4
9265,5
5948,1
572,0
8740,4
2987,1
8033,5
9970,0
3446,2
1550,2
7424,3
3439,1
799,5
4253,2
11212,5
2494,2
192,2
10666,6
5302,5
3043,0
4810,2
776,1
1371,5
5455,1
4444,6
999,6
1636,0
3377,4
10173,7
2746,1
3767,2
4539,6
7169,1
3915,6
6109,5
1239,6
1130,0
9207,3
1035,0
10344,0
6997,3
10206,2
4464,3
3953,6
5513,1
10561,2
6976,0
10893,5
9357,2
1415,6
5846,1
9381,2
6652,7
8822,1
781,6
9492,0
10730,7
6278,1
5749,0
1572,6
2533,6
7193,4
11328,7
10182,0
11057,4
7624,1
11332,5
10774,3
4238,4
9248,7
10119,2
2875,7
38,0
5031,7
8158,7
3700,7
2322,5
1463,5
526,7
3466,6
3095,6
10004,2
5795,0
10456,7
415,0
3533,4
8179,7
3787,5
3463,1
1219,2
8207,4
9369,4
848,0
9687,2
10538,2
9535,0
1356,0
8463,6
8150,3
3060,6
9691,6
7716,1
6625,5
1675,5
4181,4
10195,2
8933,3
1689,5
7073,4
2962,6
493,0
5936,0
8771,4
10574,0
216,0
9495,1
7094,1
10131,2
627,1
2736,1
5472,5
10806,2
3310,6
10313,4
7252,6
1744,0
3902,3
5,0
2139,0
75,1
6349,5
2088,2
1804,2
818,6
4134,6
4124,4
8692,2
9547,5
4186,5
4630,2
2369,1
7691,7
419,2
10452,7
5583,5
10272,5
806,7
3939,0
9751,4
919,0
4230,1
2345,6
1451,1
9563,0
10162,5
9912,2
10376,5
5695,6
6326,7
4203,6
10971,0
9672,7
9148,0
2402,0
10993,6
9714,6
10364,0
6140,6
10194,2
8303,3
11060,2
9568,2
7610,7
10,0
1308,6
10353,2
3296,7
7946,7
3197,2
8430,4
4111,0
9869,5
7236,6
3357,6
4666,3
10325,5
930,1
6151,5
236,0
3335,6
785,2
9276,6
3158,0
11160,1
7674,1
2392,4
97,5
2247,7
10463,5
4508,2
1303,1
1917,6
6931,6
8888,3
10642,5
9663,2
10821,6
10647,0
8678,6
3776,0
7923,3
1669,0
10754,2
11134,0
6574,5
10229,6
8758,6
353,5
5900,0
5204,6
9759,2
375,2
227,1
277,2
3775,4
2054,4
5401,0
7756,0
1680,6
1565,0
9844,2
2555,7
328,3
10531,0
9950,2
10006,5
11121,3
4239,5
8713,4
1856,6
3587,5
9817,2
9307,1
3363,2
11281,3
9701,2
93,0
4220,0
1583,0
7934,3
312,5
3908,1
8907,7
8956,3
1416,1
2337,0
8544,3
8976,3
4060,7
10899,7
4519,2
3365,0
3462,0
6005,7
640,1
4154,6
9670,0
2006,7
1471,0
3349,2
10311,1
225,5
6415,0
11309,2
10597,1
10810,6
1986,6
10126,2
11295,2
7895,4
9417,4
981,2
3147,1
10882,0
3819,1
915,6
4839,1
8344,5
10351,1
1962,2
5827,1
2410,0
5716,4
8038,4
3708,5
10959,5
9048,3
8724,3
10333,2
10551,2
9255,1
4934,2
5138,6
10975,0
4012,5
1456,6
1255,5
1746,5
59,5
5441,0
8012,3
2003,0
2391,1
6467,4
10082,6
10032,3
2823,6
1327,7
7908,6
3832,2
7816,7
688,5
11182,1
9282,2
3154,6
2648,6
3180,0
1069,2
1131,0
7040,3
168,5
7152,3
9881,2
11129,2
2550,2
1629,0
3959,7
346,5
10343,1
11006,7
8469,6
4058,5
11030,2
10149,0
3661,1
2862,7
4274,0
8347,0
7867,3
5837,6
3173,1
2825,5
3426,5
10355,2
2183,5
1754,3
5026,5
10263,2
2280,7
11151,6
6194,0
723,7
4795,3
8881,0
3454,1
11082,0
4342,3
10996,7
4328,1
10473,0
5726,1
8559,0
10495,5
10545,2
9768,6
10249,2
3052,5
9267,3
2498,2
724,5
2824,1
7354,6
9719,6
4532,5
166,1
3461,1
2619,0
3996,5
10359,2
3087,5
2676,0
10362,2
8329,6
3936,7
10396,1
4321,2
3371,4
1109,1
573,0
197,5
2576,2
5794,0
1405,7
10300,5
6890,6
408,2
11214,6
324,5
5791,0
1831,5
9904,6
7292,1
9799,1
3467,1
8914,4
6205,0
6984,2
1277,2
9396,5
10248,2
2124,7
3726,6
3438,0
9292,0
9629,0
10326,2
10324,2
385,0
451,5
10121,6
1274,0
4007,2
1547,1
3405,0
735,6
2328,4
1548,2
3930,1
3642,6
6799,1
37,2
9599,2
11133,1
6184,2
285,6
9607,1
9935,4
11276,1
2675,0
1169,5
8793,1
1355,1
3812,6
218,6
7129,5
5466,4
5510,6
6180,5
8178,3
2806,0
1363,7
1745,0
9133,2
7562,2
9674,0
9727,7
6518,1
10634,6
4249,4
6817,3
10695,1
9649,0
9794,0
10501,2
11272,0
1193,0
831,6
9336,0
9913,5
4345,1
131,0
9685,5
10779,2
6627,3
11353,3
7960,4
4266,0
8639,4
1577,0
5861,0
403,0
1877,0
8398,3
4665,2
929,5
7935,3
9009,4
2952,0
10395,2
10685,1
4045,5
5985,0
1049,5
1392,5
2165,0
491,0
2729,5
9371,2
3800,6
1023,5
1522,0
5828,5
10442,7
10976,2
4323,6
2643,5
3507,6
10973,2
522,3
9166,3
3503,1
4868,5
2810,0
10110,4
2238,0
9963,5
5696,4
7904,6
146,2
11116,7
6749,1
8908,5
4069,0
528,0
9556,4
4085,5
1414,0
11294,2
5314,1
9346,2
5367,1
5890,1
6369,1
3585,3
7516,3
11175,5
3163,1
3702,1
10039,1
8560,4
3695,1
8995,4
836,5
2120,2
5446,1
1621,6
2721,6
1874,7
1182,3
10416,2
10270,2
2381,1
10242,0
8566,1
3701,4
3076,6
11206,2
4618,0
9683,1
10686,0
8498,7
9391,5
9582,2
10213,0
11023,6
9834,2
4013,5
3802,7
1211,6
5843,0
1311,2
2845,6
3229,7
1935,0
3613,2
10802,5
379,2
5176,5
2151,7
472,0
816,1
1529,1
5922,2
4674,2
1452,0
8996,6
8805,3
2469,2
2520,1
2277,5
1225,1
10729,1
5983,0
9074,4
3552,7
10657,5
2788,2
1096,5
635,6
2502,2
9299,1
404,4
10476,7
704,6
2185,6
1519,5
10788,2
1993,6
7398,3
3751,0
3754,0
1678,2
9474,0
3282,7
876,7
598,5
3183,7
2050,5
5070,0
4237,7
4794,6
6192,3
11225,0
7734,7
1756,5
765,4
3368,0
5870,5
5734,0
10346,2
6506,5
11354,0
5544,5
8142,2
10780,5
1421,6
1819,1
3725,6
5407,2
6143,5
3178,0
6063,5
11303,6
8816,4
9782,6
8866,3
2282,6
2007,7
1141,5
11366,2
3918,1
3780,6
4914,2
1841,2
532,1
296,2
10604,1
9326,5
10391,6
6649,6
207,5
8989,7
5847,6
4219,6
6003,3
5850,3
3783,1
8773,2
9353,0
7458,4
1450,7
1774,0
111,5
7493,3
2748,2
5307,0
8661,5
165,3
8269,5
4314,0
4062,7
9313,0
670,0
7969,6
4068,6
4801,0
5303,7
3003,3
371,0
2870,7
4872,5
4596,0
9690,5
7135,6
483,2
9312,1
3186,1
241,1
7110,6
7145,1
1673,7
5517,5
8840,2
6731,5
5450,0
4406,7
2812,6
3148,2
9315,5
10897,0
912,6
4555,6
3837,6
9335,1
1016,1
9915,5
395,6
2174,0
1293,5
10584,2
6312,4
2703,0
4348,5
420,0
6480,3
9702,1
3397,5
10252,2
5394,4
10223,0
9359,6
537,5
2506,4
7743,2
9918,5
2045,1
7951,0
4946,6
6291,0
9773,2
2069,5
4031,2
3785,3
9223,4
5626,6
9933,5
11153,1
8327,4
11097,4
1370,6
9770,6
8856,4
4733,0
9446,1
3986,0
1668,0
1488,0
962,0
2393,0
46,1
3509,6
10517,5
10529,2
9428,5
4292,0
512,7
5887,1
9493,6
9967,0
3628,6
9593,2
1495,5
9743,2
11347,0
2176,6
8409,3
9279,5
4880,6
1520,0
418,2
9972,6
3720,2
5503,0
2968,5
8821,4
5368,2
956,5
9365,4
7529,7
11203,6
8417,5
10820,5
4690,1
2290,5
648,0
3830,3
7765,3
5697,7
6169,5
10035,2
3629,5
10310,0
2477,7
10013,2
5278,0
1396,3
3906,1
8027,0
9778,0
7126,0
5638,0
11266,2
9153,5
2913,2
1036,5
2479,5
9159,2
10159,7
5605,7
7008,7
11194,0
5668,5
7843,7
2711,0
3347,0
6493,5
9155,2
6811,1
3451,7
10972,7
989,5
1542,0
4571,0
1967,1
4523,0
370,0
2758,2
2424,2
200,5
1226,2
3852,7
6434,0
3779,1
10848,3
2527,0
10981,5
10002,5
9571,0
4277,2
3764,1
2314,7
11027,0
3962,6
1556,6
6270,1
4430,5
4352,4
2665,0
9063,5
9487,5
8443,4
531,6
9209,6
2346,7
8742,5
9308,7
1642,5
1596,6
10284,5
3813,5
4777,6
4080,7
11224,0
7132,1
1708,7
1147,7
6000,5
9907,2
2589,0
2801,4
8318,5
9903,6
5160,0
4011,5
2978,0
2148,7
3111,0
430,2
7686,7
8891,3
9142,5
3478,7
8172,1
10892,2
10198,2
10306,7
4443,6
9757,2
7275,0
1280,2
625,3
2730,7
6580,5
1554,6
834,2
5896,5
9239,6
494,6
2078,2
7511,1
9565,0
992,0
1896,0
1525,5
10034,2
8155,0
9631,2
10744,2
5212,7
9270,1
6276,4
2405,5
119,5
5639,7
7417,3
4778,0
373,2
4105,1
9504,0
3876,1
2874,0
3295,2
2765,0
1095,2
8171,3
1289,2
10564,2
4304,0
4347,6
3444,5
10935,1
4358,7
10611,0
2544,6
6202,1
2926,0
6248,6
9934,0
636,5
1071,7
3423,2
9852,2
10725,5
1167,7
1955,0
4212,1
3447,2
11271,7
10060,6
8909,4
1820,0
4225,3
442,1
3946,5
9172,2
8126,3
507,0
10726,5
5246,0
9960,2
600,1
2953,5
8268,0
462,1
518,1
10609,5
9252,5
3361,4
1297,2
3184,6
9739,5
9990,0
3730,6
525,6
7286,1
972,2
9037,1
8922,1
1287,5
6771,1
3313,0
2034,0
2835,0
1846,5
2837,5
9988,6
8080,7
1656,7
6681,5
1177,0
9231,5
8979,6
5071,2
3553,1
10077,0
10375,3
1216,2
1847,2
3610,7
4481,2
11085,1
8039,4
5195,0
645,0
6122,0
10970,2
4107,7
985,4
1326,5
4120,6
9522,5
3676,0
1829,1
19,2
7363,3
7433,7
1314,6
4295,0
6489,0
1907,7
6783,1
3527,0
1142,1
2338,6
3924,1
1755,4
10467,2
1107,2
9100,6
8524,1
9157,7
1324,6
8200,5
10519,0
3270,2
10386,2
1658,0
5938,0
10587,6
7704,3
9402,0
10457,1
9541,0
4260,7
1155,3
9323,2
9257,1
9317,4
7055,1
9213,0
2000,0
9953,1
1028,5
10832,2
9804,0
3912,6
662,0
1184,6
530,5
10732,5
4303,5
8335,3
9744,7
1528,6
7828,5
4028,6
1168,0
9068,6
9740,5
7520,7
10014,0
4783,0
9966,2
10072,2
2114,5
88,5
11117,7
9598,1
10914,1
10578,6
8120,4
6302,4
6753,7
10214,5
8281,3
1627,0
9168,2
619,1
7912,3
7408,3
2543,2
6443,7
6293,7
2386,5
11314,0
3910,4
3922,1
3662,1
3338,7
5655,0
7905,1
9249,7
11040,2
7469,1
49,7
3307,1
502,2
9845,2
3380,6
539,6
10872,7
7496,3
1235,2
10477,0
11355,2
5310,6
5692,5
649,6
5941,5
6520,5
2585,0
29,5
10073,5
6319,2
9981,2
2348,5
5824,6
6687,7
2569,6
2965,2
11131,7
9786,2
1243,5
9637,6
3742,1
11321,5
575,0
9262,5
10241,5
3046,1
2382,0
1634,5
5991,5
870,6
3631,1
4087,5
823,2
4360,6
11195,6
2614,5
5731,5
5498,7
6154,5
5484,1
6264,0
10400,0
3394,0
3005,1
5451,0
4429,6
8928,3
3306,6
9120,7
9820,0
1,2
440,6
67,6
6503,1
3735,1
8960,2
7344,3
1092,0
7865,7
9676,7
8734,1
5524,5
10434,1
136,7
2886,0
7052,2
10582,0
3951,0
4346,6
5411,6
8029,0
703,1
11022,1
11186,3
1862,2
6139,2
2009,0
3556,3
10557,5
8548,4
10702,0
4050,1
6686,5
10583,6
8187,1
4382,6
1611,2
4389,1
8003,1
1812,2
8284,3
2790,2
3888,0
2022,7
9247,6
4072,3
9850,2
4713,6
9395,0
2700,5
2010,5
7656,7
457,5
2055,1
6622,7
11046,0
6719,1
10282,2
2452,2
3692,6
6149,0
1887,6
5436,3
3981,2
3807,1
1428,2
6888,7
1515,6
10071,2
11149,7
6558,1
9348,2
630,0
1860,2
9444,2
5225,7
3904,0
2027,0
9029,4
5006,5
508,4
9204,1
1375,6
3398,7
9101,1
5511,0
1777,5
1205,2
4038,6
1795,1
884,0
8843,4
584,2
10585,5
10493,6
3534,1
4755,0
294,1
2611,2
689,1
10906,6
9838,3
4039,2
4006,1
2942,2
3417,0
1124,0
1430,5
9386,3
4023,1
7770,3
24,1
8154,5
1900,0
5299,6
4363,5
3575,1
10338,2
5242,6
5383,0
593,5
3431,0
9665,1
754,0
4774,0
3657,0
471,3
4020,0
3580,0
3486,2
7140,7
6087,1
1633,7
7249,7
6028,1
10626,0
6738,1
5675,1
3958,6
3665,0
7124,1
4251,4
1279,5
1382,1
7443,3
3378,4
8019,7
9103,6
4226,5
4324,2
5806,5
8372,4
6668,3
9471,0
2134,5
6560,6
10689,5
1059,5
184,5
8388,0
5329,7
2633,2
1725,6
9280,0
9811,2
9235,6
2099,2
2759,6
3848,3
9767,6
203,6
4156,0
758,1
6653,1
2918,5
